id,name,email,department_id,role,created_at
1,王子轩,user01@example.com,1,算法工程师,2026-01-01 09:00:00
2,李佳怡,user02@example.com,2,产品经理,2026-01-01 09:00:00
3,张诗涵,user03@example.com,3,运维工程师,2026-01-01 09:00:00
4,刘宇航,user04@example.com,4,后端工程师,2026-01-01 09:00:00
5,陈雨桐,user05@example.com,5,算法工程师,2026-01-01 09:00:00
6,杨天佑,user06@example.com,6,产品经理,2026-01-01 09:00:00
7,赵浩然,user07@example.com,1,后端工程师,2026-01-01 09:00:00
8,黄欣然,user08@example.com,2,算法工程师,2026-01-01 09:00:00
9,周晨曦,user09@example.com,3,产品经理,2026-01-01 09:00:00
10,吴梓涵,user10@example.com,4,运维工程师,2026-01-01 09:00:00
11,徐文博,user11@example.com,5,后端工程师,2026-01-01 09:00:00
12,孙睿泽,user12@example.com,6,算法工程师,2026-01-01 09:00:00
13,胡一诺,user13@example.com,1,运维工程师,2026-01-01 09:00:00
14,朱俊杰,user14@example.com,2,后端工程师,2026-01-01 09:00:00
15,高雅婷,user15@example.com,3,算法工程师,2026-01-01 09:00:00
16,林思远,user16@example.com,4,产品经理,2026-01-01 09:00:00
17,何嘉豪,user17@example.com,5,运维工程师,2026-01-01 09:00:00
18,郭亦辰,user18@example.com,6,后端工程师,2026-01-01 09:00:00
19,马明哲,user19@example.com,1,产品经理,2026-01-01 09:00:00
20,罗若曦,user20@example.com,2,运维工程师,2026-01-01 09:00:00
21,王子轩,user21@example.com,3,后端工程师,2026-01-01 09:00:00
22,李佳怡,user22@example.com,4,算法工程师,2026-01-01 09:00:00
23,张诗涵,user23@example.com,5,产品经理,2026-01-01 09:00:00
24,刘宇航,user24@example.com,6,运维工程师,2026-01-01 09:00:00
25,陈雨桐,user25@example.com,1,算法工程师,2026-01-01 09:00:00
26,杨天佑,user26@example.com,2,产品经理,2026-01-01 09:00:00
27,赵浩然,user27@example.com,3,运维工程师,2026-01-01 09:00:00
28,黄欣然,user28@example.com,4,后端工程师,2026-01-01 09:00:00
29,周晨曦,user29@example.com,5,算法工程师,2026-01-01 09:00:00
30,吴梓涵,user30@example.com,6,产品经理,2026-01-01 09:00:00
31,徐文博,user31@example.com,1,后端工程师,2026-01-01 09:00:00
32,孙睿泽,user32@example.com,2,算法工程师,2026-01-01 09:00:00
33,胡一诺,user33@example.com,3,产品经理,2026-01-01 09:00:00
34,朱俊杰,user34@example.com,4,运维工程师,2026-01-01 09:00:00
35,高雅婷,user35@example.com,5,后端工程师,2026-01-01 09:00:00
36,林思远,user36@example.com,6,算法工程师,2026-01-01 09:00:00
37,何嘉豪,user37@example.com,1,运维工程师,2026-01-01 09:00:00
38,郭亦辰,user38@example.com,2,后端工程师,2026-01-01 09:00:00
39,马明哲,user39@example.com,3,算法工程师,2026-01-01 09:00:00
40,罗若曦,user40@example.com,4,产品经理,2026-01-01 09:00:00
41,王子轩,user41@example.com,5,运维工程师,2026-01-01 09:00:00
42,李佳怡,user42@example.com,6,后端工程师,2026-01-01 09:00:00
43,张诗涵,user43@example.com,1,产品经理,2026-01-01 09:00:00
44,刘宇航,user44@example.com,2,运维工程师,2026-01-01 09:00:00
45,陈雨桐,user45@example.com,3,后端工程师,2026-01-01 09:00:00
46,杨天佑,user46@example.com,4,算法工程师,2026-01-01 09:00:00
47,赵浩然,user47@example.com,5,产品经理,2026-01-01 09:00:00
48,黄欣然,user48@example.com,6,运维工程师,2026-01-01 09:00:00
49,周晨曦,user49@example.com,1,算法工程师,2026-01-01 09:00:00
50,吴梓涵,user50@example.com,2,产品经理,2026-01-01 09:00:00
51,徐文博,user51@example.com,3,运维工程师,2026-01-01 09:00:00
52,孙睿泽,user52@example.com,4,后端工程师,2026-01-01 09:00:00
53,胡一诺,user53@example.com,5,算法工程师,2026-01-01 09:00:00
54,朱俊杰,user54@example.com,6,产品经理,2026-01-01 09:00:00
55,高雅婷,user55@example.com,1,后端工程师,2026-01-01 09:00:00
56,林思远,user56@example.com,2,算法工程师,2026-01-01 09:00:00
57,何嘉豪,user57@example.com,3,产品经理,2026-01-01 09:00:00
58,郭亦辰,user58@example.com,4,运维工程师,2026-01-01 09:00:00
59,马明哲,user59@example.com,5,后端工程师,2026-01-01 09:00:00
60,罗若曦,user60@example.com,6,算法工程师,2026-01-01 09:00:00
